ALL,All,#
2015-09-30,2015-09-30,ALL
2015-10-01,2015-10-01,ALL
2015-10-02,2015-10-02,ALL
2015-10-03,2015-10-03,ALL
2015-10-04,2015-10-04,ALL
2015-10-05,2015-10-05,ALL
2015-10-06,2015-10-06,ALL
2015-10-07,2015-10-07,ALL
2015-10-08,2015-10-08,ALL
2015-10-09,2015-10-09,ALL
2015-10-10,2015-10-10,ALL
2015-10-11,2015-10-11,ALL
2015-10-12,2015-10-12,ALL
2015-10-13,2015-10-13,ALL
2015-10-14,2015-10-14,ALL
2015-10-15,2015-10-15,ALL
2015-10-16,2015-10-16,ALL
2015-10-17,2015-10-17,ALL
2015-10-18,2015-10-18,ALL
2015-10-19,2015-10-19,ALL
2015-10-20,2015-10-20,ALL
2015-10-21,2015-10-21,ALL
2015-10-22,2015-10-22,ALL
2015-10-23,2015-10-23,ALL
2015-10-24,2015-10-24,ALL
2015-10-25,2015-10-25,ALL
2015-10-26,2015-10-26,ALL
